Source,Target,Type,Weight
1,0,Undirected,1.2624
2,1,Undirected,4.3158
3,1,Undirected,3.1643
4,0,Undirected,0.61101
4,1,Undirected,11.505
4,2,Undirected,0.83825
4,3,Undirected,8.2209
5,0,Undirected,1.6134
6,0,Undirected,1.4519
6,2,Undirected,9.8529
6,3,Undirected,1.3796
6,5,Undirected,1.6134
7,0,Undirected,3.5659
7,4,Undirected,6.5214
8,1,Undirected,2.6905
8,2,Undirected,5.9682
8,3,Undirected,0.86403
8,4,Undirected,1.6873
8,6,Undirected,2.4923
9,1,Undirected,3.7538
9,3,Undirected,5.4537
9,4,Undirected,4.4121
10,0,Undirected,2.2742
10,6,Undirected,0.38972
10,8,Undirected,1.713
11,0,Undirected,7.6637
11,2,Undirected,1.9343
11,3,Undirected,25.939
11,4,Undirected,0.61134
11,5,Undirected,5.1532
11,6,Undirected,2.9451
11,8,Undirected,0.9054
11,9,Undirected,10.057
11,10,Undirected,0.31214
12,0,Undirected,1.4777
12,2,Undirected,4.6617
12,3,Undirected,0.9493
12,4,Undirected,1.5303
12,5,Undirected,6.2574
12,6,Undirected,4.3306
12,7,Undirected,5.5419
12,8,Undirected,4.3205
13,4,Undirected,2.7483
13,6,Undirected,9.4504
13,10,Undirected,0.95876
13,12,Undirected,0.72792
14,0,Undirected,3.5573
14,1,Undirected,8.5256
14,3,Undirected,0.75356
14,4,Undirected,8.8467
14,5,Undirected,3.7194
14,8,Undirected,0.88337
14,9,Undirected,10.736
14,10,Undirected,2.6809
14,11,Undirected,2.9562
14,13,Undirected,3.8259
15,1,Undirected,4.1267
15,2,Undirected,0.77125
15,3,Undirected,3.4771
15,5,Undirected,3.1514
15,6,Undirected,4.5667
15,7,Undirected,3.5221
15,10,Undirected,4.8602
15,12,Undirected,6.2557
15,13,Undirected,1.9457
15,14,Undirected,4.3894
16,5,Undirected,4.4323
16,6,Undirected,6.0659
16,7,Undirected,6.9757
16,9,Undirected,3.8414
16,10,Undirected,5.1362
16,11,Undirected,2.5162
16,13,Undirected,3.6638
16,15,Undirected,11.556
17,1,Undirected,1.7799
17,3,Undirected,6.5203
17,4,Undirected,5.8558
17,6,Undirected,1.8974
17,8,Undirected,2.0061
17,9,Undirected,3.1905
17,10,Undirected,0.35334
17,11,Undirected,2.7229
17,12,Undirected,3.2479
17,13,Undirected,0.076428
17,15,Undirected,1.0884
18,1,Undirected,7.3549
18,4,Undirected,8.1694
18,5,Undirected,4.0707
18,6,Undirected,3.2208
18,7,Undirected,1.7615
18,9,Undirected,8.1027
18,10,Undirected,1.4736
18,16,Undirected,4.1367
18,17,Undirected,6.1154
19,0,Undirected,1.9385
19,1,Undirected,1.3226
19,2,Undirected,1.0053
19,3,Undirected,1.0151
19,7,Undirected,3.1703
19,8,Undirected,0.11841
19,9,Undirected,1.2725
19,11,Undirected,0.043296
19,12,Undirected,1.405
19,13,Undirected,1.5564
19,15,Undirected,0.99524
19,18,Undirected,0.18588
20,2,Undirected,8.2018
20,7,Undirected,6.3015
20,8,Undirected,9.4395
20,9,Undirected,3.5272
20,10,Undirected,3.3256
20,13,Undirected,1.7459
20,14,Undirected,5.4555
20,17,Undirected,4.3936
20,19,Undirected,6.8249
21,0,Undirected,1.663
21,2,Undirected,1.6672
21,5,Undirected,2.1395
21,7,Undirected,12.077
21,11,Undirected,1.3095
21,18,Undirected,2.0666
21,20,Undirected,3.5989
22,0,Undirected,19.003
22,1,Undirected,16.18
22,3,Undirected,1.5591
22,4,Undirected,1.0213
22,5,Undirected,2.2429
22,9,Undirected,2.0143
22,11,Undirected,0.43723
22,12,Undirected,2.059
22,13,Undirected,0.14553
22,16,Undirected,0.90044
22,17,Undirected,0.34022
22,20,Undirected,2.5248
23,1,Undirected,1.9094
23,2,Undirected,4.6041
23,4,Undirected,1.338
23,5,Undirected,3.7993
23,11,Undirected,0.043327
23,16,Undirected,2.779
23,17,Undirected,0.31237
23,18,Undirected,3.6884
24,1,Undirected,1.7635
24,4,Undirected,2.2087
24,6,Undirected,1.8107
24,10,Undirected,1.1552
24,12,Undirected,4.0538
24,13,Undirected,5.6207
24,14,Undirected,4.2991
24,16,Undirected,3.814
24,17,Undirected,0.54958
24,20,Undirected,4.5807
24,21,Undirected,4.0617
25,0,Undirected,1.149
25,4,Undirected,1.2986
25,8,Undirected,0.56649
25,10,Undirected,5.0637
25,11,Undirected,2.162
25,12,Undirected,3.863
25,15,Undirected,0.81771
25,17,Undirected,1.3532
25,18,Undirected,1.8326
25,20,Undirected,1.2164
25,23,Undirected,1.6371
26,1,Undirected,0.4636
26,2,Undirected,3.297
26,3,Undirected,3.992
26,5,Undirected,12.155
26,7,Undirected,7.687
26,9,Undirected,3.0413
26,10,Undirected,0.73282
26,11,Undirected,2.4337
26,12,Undirected,5.0655
26,13,Undirected,4.9023
26,15,Undirected,2.5754
26,19,Undirected,8.6723
26,21,Undirected,6.2974
26,22,Undirected,1.0113
26,24,Undirected,2.135
27,1,Undirected,2.3007
27,3,Undirected,0.26183
27,4,Undirected,5.0627
27,5,Undirected,2.1237
27,6,Undirected,3.0476
27,8,Undirected,4.941
27,10,Undirected,1.7078
27,11,Undirected,2.2381
27,12,Undirected,8.3851
27,13,Undirected,1.1166
27,14,Undirected,2.3929
27,21,Undirected,0.61193
27,22,Undirected,0.46279
27,24,Undirected,0.025179
27,25,Undirected,2.4318
28,1,Undirected,4.4985
28,2,Undirected,0.99673
28,6,Undirected,0.14835
28,7,Undirected,1.8665
28,9,Undirected,13.424
28,11,Undirected,13.391
28,12,Undirected,4.0384
28,14,Undirected,0.15535
28,15,Undirected,3.5306
28,16,Undirected,0.1986
28,17,Undirected,6.5236
28,18,Undirected,0.58083
28,21,Undirected,2.9044
28,22,Undirected,3.3145
28,23,Undirected,5.722
28,24,Undirected,0.84374
28,25,Undirected,1.2649
29,1,Undirected,9.1052
29,3,Undirected,3.83
29,6,Undirected,0.52085
29,7,Undirected,4.5538
29,9,Undirected,3.8253
29,11,Undirected,2.1486
29,18,Undirected,3.0536
29,19,Undirected,0.43049
29,21,Undirected,0.98584
29,24,Undirected,2.133
29,25,Undirected,2.0092
29,26,Undirected,6.5975
30,2,Undirected,2.0538
30,3,Undirected,1.6867
30,6,Undirected,4.636
30,8,Undirected,9.4655
30,10,Undirected,8.5832
30,14,Undirected,0.23231
30,17,Undirected,0.50775
30,18,Undirected,0.65475
30,19,Undirected,8.0259
30,22,Undirected,2.9029
30,25,Undirected,0.72292
30,26,Undirected,2.5834
30,27,Undirected,6.5272
30,28,Undirected,0.68729
30,29,Undirected,4.5632
31,0,Undirected,1.3026
31,1,Undirected,0.0036275
31,2,Undirected,4.3447
31,3,Undirected,5.0961
31,4,Undirected,0.083463
31,6,Undirected,1.157
31,7,Undirected,3.417
31,8,Undirected,9.0487
31,9,Undirected,2.1177
31,10,Undirected,4.4742
31,12,Undirected,2.2254
31,15,Undirected,4.5692
31,16,Undirected,7.206
31,17,Undirected,1.847
31,19,Undirected,1.2324
31,20,Undirected,2.8764
31,22,Undirected,1.4247
31,23,Undirected,1.1777
31,26,Undirected,4.9494
31,28,Undirected,1.1653
31,29,Undirected,0.65426
32,0,Undirected,11.179
32,1,Undirected,0.016126
32,2,Undirected,0.36058
32,3,Undirected,0.020805
32,4,Undirected,2.9033
32,8,Undirected,1.0991
32,12,Undirected,0.3768
32,17,Undirected,3.4132
32,19,Undirected,0.63038
32,20,Undirected,0.44717
32,22,Undirected,5.583
32,28,Undirected,5.7409
32,29,Undirected,1.8205
33,6,Undirected,1.2649
33,7,Undirected,2.6437
33,9,Undirected,5.6931
33,19,Undirected,3.4876
33,22,Undirected,1.3727
33,23,Undirected,5.4315
33,24,Undirected,10.656
33,25,Undirected,2.5489
33,27,Undirected,1.6306
33,29,Undirected,3.7571
33,30,Undirected,0.22006
33,31,Undirected,1.8449
33,32,Undirected,2.276
34,1,Undirected,1.8594
34,2,Undirected,0.65453
34,4,Undirected,5.0691
34,5,Undirected,1.616
34,6,Undirected,0.080649
34,7,Undirected,0.19463
34,8,Undirected,0.61719
34,9,Undirected,1.6006
34,13,Undirected,3.7635
34,14,Undirected,5.9508
34,16,Undirected,1.2967
34,17,Undirected,1.3554
34,18,Undirected,0.99298
34,19,Undirected,1.5889
34,21,Undirected,2.3066
34,22,Undirected,0.44294
34,24,Undirected,7.3854
34,25,Undirected,4.1728
34,26,Undirected,1.0505
34,29,Undirected,1.5866
34,30,Undirected,0.35877
34,31,Undirected,2.039
34,32,Undirected,1.981
34,33,Undirected,6.1532
35,0,Undirected,2.1584
35,1,Undirected,2.1226
35,2,Undirected,2.25
35,3,Undirected,0.59586
35,4,Undirected,0.26221
35,6,Undirected,0.68776
35,7,Undirected,1.9316
35,9,Undirected,0.77801
35,10,Undirected,4.8545
35,11,Undirected,4.2274
35,13,Undirected,2.4899
35,14,Undirected,0.88953
35,23,Undirected,6.3708
35,24,Undirected,1.6559
35,25,Undirected,8.5335
35,26,Undirected,2.2264
35,27,Undirected,6.5066
35,30,Undirected,1.1046
35,32,Undirected,0.39234
35,33,Undirected,7.7155
36,0,Undirected,14.678
36,1,Undirected,6.2287
36,5,Undirected,0.99116
36,6,Undirected,1.8149
36,9,Undirected,1.9242
36,10,Undirected,1.2294
36,11,Undirected,0.63435
36,13,Undirected,0.59868
36,17,Undirected,0.97031
36,18,Undirected,3.6166
36,20,Undirected,0.82612
36,22,Undirected,10.701
36,23,Undirected,1.2079
36,24,Undirected,3.932
36,25,Undirected,0.62637
36,26,Undirected,2.0942
36,28,Undirected,6.991
36,30,Undirected,1.8757
36,32,Undirected,10.943
36,34,Undirected,0.80107
37,2,Undirected,3.6664
37,4,Undirected,0.48155
37,8,Undirected,1.5153
37,9,Undirected,1.2967
37,10,Undirected,5.3449
37,11,Undirected,0.5424
37,12,Undirected,0.60586
37,13,Undirected,4.461
37,15,Undirected,0.076584
37,16,Undirected,4.9234
37,17,Undirected,2.8041
37,18,Undirected,2.802
37,19,Undirected,1.4664
37,20,Undirected,0.98256
37,22,Undirected,0.87186
37,24,Undirected,7.395
37,26,Undirected,2.8821
37,28,Undirected,0.13482
37,29,Undirected,4.8776
37,33,Undirected,5.6104
37,34,Undirected,11.608
37,35,Undirected,2.3061
37,36,Undirected,2.5306
38,0,Undirected,0.55738
38,1,Undirected,2.1822
38,3,Undirected,0.42384
38,8,Undirected,2.8308
38,11,Undirected,1.6262
38,12,Undirected,1.361
38,13,Undirected,1.2092
38,16,Undirected,7.0936
38,18,Undirected,0.3564
38,19,Undirected,9.3274
38,20,Undirected,11.734
38,21,Undirected,0.016706
38,23,Undirected,2.2923
38,26,Undirected,0.57329
38,30,Undirected,5.1647
38,35,Undirected,3.2087
38,36,Undirected,2.4917
39,1,Undirected,2.4647
39,5,Undirected,4.2168
39,6,Undirected,5.1478
39,7,Undirected,1.7319
39,8,Undirected,3.0034
39,9,Undirected,2.1395
39,10,Undirected,4.9816
39,11,Undirected,3.5947
39,14,Undirected,5.2929
39,15,Undirected,5.7094
39,16,Undirected,8.0643
39,21,Undirected,4.2106
39,26,Undirected,4.4149
39,28,Undirected,2.0439
39,29,Undirected,1.6082
39,30,Undirected,5.306
39,31,Undirected,3.2455
39,33,Undirected,1.3035
39,34,Undirected,1.619
39,35,Undirected,0.30762
39,38,Undirected,1.9437
40,0,Undirected,0.28975
40,2,Undirected,1.2706
40,3,Undirected,1.4532
40,4,Undirected,1.0133
40,8,Undirected,1.6641
40,9,Undirected,1.173
40,15,Undirected,0.45672
40,16,Undirected,3.0701
40,17,Undirected,0.97755
40,18,Undirected,0.27761
40,20,Undirected,1.0405
40,24,Undirected,2.64
40,25,Undirected,6.9427
40,26,Undirected,3.1854
40,29,Undirected,3.1239
40,31,Undirected,1.382
40,32,Undirected,0.14992
40,34,Undirected,3.0981
40,35,Undirected,3.9178
40,36,Undirected,3.1535
40,38,Undirected,4.2321
40,39,Undirected,0.1579
41,0,Undirected,3.5222
41,1,Undirected,2.852
41,3,Undirected,3.2672
41,5,Undirected,3.9821
41,8,Undirected,0.25279
41,11,Undirected,0.0018292
41,15,Undirected,1.0492
41,18,Undirected,0.41581
41,20,Undirected,1.032
41,21,Undirected,1.4117
41,23,Undirected,2.3917
41,25,Undirected,4.5491
41,31,Undirected,0.94954
41,34,Undirected,7.3461
41,35,Undirected,2.1758
41,36,Undirected,0.78371
41,37,Undirected,1.2836
41,38,Undirected,1.4341
41,39,Undirected,0.11523
41,40,Undirected,9.7184
42,1,Undirected,0.54735
42,4,Undirected,0.65385
42,5,Undirected,0.36389
42,6,Undirected,1.532
42,9,Undirected,2.1511
42,11,Undirected,0.98408
42,16,Undirected,2.6579
42,19,Undirected,9.1256
42,21,Undirected,0.59535
42,23,Undirected,5.1113
42,25,Undirected,6.786
42,26,Undirected,2.1896
42,29,Undirected,4.6797
42,30,Undirected,0.85884
42,31,Undirected,0.1067
42,33,Undirected,7.4113
42,35,Undirected,4.3463
42,36,Undirected,0.39842
42,37,Undirected,1.4528
42,38,Undirected,1.7372
42,39,Undirected,4.828
42,41,Undirected,0.73052
43,7,Undirected,6.0211
43,10,Undirected,5.4248
43,11,Undirected,0.44938
43,13,Undirected,2.6943
43,14,Undirected,1.9431
43,15,Undirected,4.7797
43,16,Undirected,3.446
43,17,Undirected,1.4128
43,20,Undirected,0.78669
43,21,Undirected,1.9868
43,22,Undirected,1.3867
43,28,Undirected,0.63054
43,29,Undirected,1.1868
43,31,Undirected,3.33
43,34,Undirected,1.9862
43,35,Undirected,0.85399
43,36,Undirected,0.93157
43,40,Undirected,1.9559
43,42,Undirected,0.093171
44,1,Undirected,1.0867
44,3,Undirected,0.74528
44,4,Undirected,1.3728
44,5,Undirected,2.0782
44,9,Undirected,0.018141
44,13,Undirected,2.4065
44,18,Undirected,3.1059
44,19,Undirected,0.47329
44,23,Undirected,4.0501
44,24,Undirected,0.91748
44,25,Undirected,2.5735
44,26,Undirected,0.12589
44,28,Undirected,0.71951
44,29,Undirected,4.0826
44,30,Undirected,1.3911
44,31,Undirected,0.76483
44,34,Undirected,2.4496
44,35,Undirected,9.5791
44,36,Undirected,1.8211
44,40,Undirected,7.0651
44,41,Undirected,8.3688
44,42,Undirected,1.5584
45,2,Undirected,2.0439
45,4,Undirected,0.38285
45,6,Undirected,2.4322
45,8,Undirected,4.6688
45,13,Undirected,0.27469
45,16,Undirected,0.024233
45,17,Undirected,0.62936
45,20,Undirected,3.1549
45,22,Undirected,1.4887
45,24,Undirected,1.3544
45,26,Undirected,3.204
45,28,Undirected,1.0693
45,30,Undirected,3.8568
45,31,Undirected,1.5478
45,32,Undirected,2.121
45,37,Undirected,0.50021
45,38,Undirected,3.5676
45,39,Undirected,2.3664
45,40,Undirected,0.7159
45,43,Undirected,4.7648
45,44,Undirected,2.543
46,2,Undirected,8.2534
46,3,Undirected,0.31138
46,5,Undirected,1.4797
46,17,Undirected,0.52042
46,22,Undirected,1.9569
46,24,Undirected,0.18221
46,25,Undirected,0.22168
46,27,Undirected,1.2147
46,31,Undirected,2.659
46,33,Undirected,0.98051
46,34,Undirected,0.83045
46,35,Undirected,0.79857
46,37,Undirected,2.1019
46,38,Undirected,3.1972
46,41,Undirected,0.83105
46,43,Undirected,1.941
46,45,Undirected,5.3138
47,0,Undirected,1.0957
47,4,Undirected,0.10789
47,5,Undirected,0.1703
47,7,Undirected,1.6195
47,10,Undirected,2.561
47,11,Undirected,1.9136
47,12,Undirected,2.9432
47,13,Undirected,2.1716
47,14,Undirected,0.77785
47,18,Undirected,1.1009
47,22,Undirected,1.0672
47,23,Undirected,3.1221
47,24,Undirected,1.9866
47,25,Undirected,1.3258
47,27,Undirected,2.3937
47,33,Undirected,3.5435
47,34,Undirected,0.065547
47,37,Undirected,2.2381
47,38,Undirected,5.292
47,45,Undirected,1.5644
48,0,Undirected,0.46262
48,1,Undirected,0.03304
48,2,Undirected,0.19704
48,4,Undirected,2.1833
48,5,Undirected,2.4266
48,6,Undirected,1.419
48,7,Undirected,4.7876
48,8,Undirected,2.3143
48,11,Undirected,2.5211
48,12,Undirected,1.3186
48,13,Undirected,1.5391
48,14,Undirected,0.96761
48,15,Undirected,3.9204
48,16,Undirected,2.2103
48,17,Undirected,0.14639
48,19,Undirected,1.9407
48,23,Undirected,1.623
48,26,Undirected,0.16102
48,31,Undirected,2.5792
48,36,Undirected,0.643
48,37,Undirected,0.48451
48,39,Undirected,9.2852
48,40,Undirected,1.5868
48,42,Undirected,0.21547
48,43,Undirected,3.6382
48,45,Undirected,0.77197
48,46,Undirected,4.4317
48,47,Undirected,6.8093
49,0,Undirected,1.086
49,1,Undirected,0.50981
49,8,Undirected,1.5324
49,11,Undirected,0.89243
49,12,Undirected,2.8517
49,13,Undirected,1.1301
49,15,Undirected,2.3776
49,17,Undirected,0.48385
49,21,Undirected,0.61953
49,23,Undirected,1.5804
49,24,Undirected,0.97773
49,25,Undirected,0.92338
49,26,Undirected,0.59691
49,28,Undirected,0.61762
49,30,Undirected,0.37833
49,31,Undirected,0.043843
49,32,Undirected,0.14325
49,36,Undirected,3.0712
49,37,Undirected,1.8285
49,39,Undirected,1.9082
49,44,Undirected,0.63536
49,45,Undirected,0.65863
49,47,Undirected,5.6376
49,48,Undirected,1.5757
50,2,Undirected,1.7927
50,3,Undirected,0.85922
50,7,Undirected,0.8673
50,8,Undirected,2.7941
50,9,Undirected,0.94741
50,12,Undirected,0.86166
50,16,Undirected,5.3551
50,17,Undirected,0.037587
50,18,Undirected,0.34567
50,19,Undirected,0.54802
50,20,Undirected,1.6907
50,21,Undirected,3.3716
50,22,Undirected,1.7698
50,24,Undirected,0.13219
50,27,Undirected,0.0032673
50,28,Undirected,0.95474
50,29,Undirected,1.9299
50,33,Undirected,0.54372
50,38,Undirected,0.93664
50,40,Undirected,1.3311
50,41,Undirected,1.0022
50,42,Undirected,1.872
50,43,Undirected,4.9054
50,45,Undirected,2.9595
50,46,Undirected,5.3221
50,47,Undirected,2.0663
50,49,Undirected,0.40902
51,1,Undirected,0.42981
51,15,Undirected,0.9203
51,16,Undirected,0.21339
51,17,Undirected,0.44734
51,22,Undirected,1.6461
51,23,Undirected,1.0952
51,26,Undirected,0.2904
51,27,Undirected,1.4292
51,28,Undirected,1.1354
51,29,Undirected,0.78452
51,31,Undirected,0.50945
51,33,Undirected,0.57211
51,34,Undirected,1.1801
51,35,Undirected,3.1562
51,40,Undirected,0.89592
51,42,Undirected,0.52857
51,45,Undirected,1.8422
51,47,Undirected,1.2882
51,48,Undirected,0.16232
51,49,Undirected,0.824
52,3,Undirected,2.2912
52,4,Undirected,3.1113
52,12,Undirected,3.0771
52,18,Undirected,0.050763
52,19,Undirected,6.7991
52,22,Undirected,0.84249
52,23,Undirected,0.1861
52,24,Undirected,1.8392
52,26,Undirected,4.7662
52,27,Undirected,2.5079
52,28,Undirected,0.50076
52,30,Undirected,4.7774
52,32,Undirected,0.94068
52,37,Undirected,1.6237
52,38,Undirected,0.55026
52,40,Undirected,0.13309
52,41,Undirected,0.41699
52,42,Undirected,1.2997
52,43,Undirected,1.5242
52,44,Undirected,2.2117
52,45,Undirected,0.51084
52,46,Undirected,7.7588
52,47,Undirected,7.4301
52,48,Undirected,6.1209
53,0,Undirected,0.95368
53,1,Undirected,0.52192
53,2,Undirected,1.6445
53,5,Undirected,0.82484
53,6,Undirected,1.0283
53,8,Undirected,1.8647
53,9,Undirected,0.068261
53,10,Undirected,0.81028
53,11,Undirected,3.5108
53,13,Undirected,1.9849
53,14,Undirected,0.057813
53,17,Undirected,0.40913
53,18,Undirected,1.3839
53,27,Undirected,7.3978
53,28,Undirected,0.10474
53,29,Undirected,1.5229
53,31,Undirected,1.2082
53,34,Undirected,0.0053831
53,38,Undirected,0.72365
53,39,Undirected,0.82451
53,40,Undirected,1.7612
53,41,Undirected,0.97957
53,45,Undirected,2.1388
53,47,Undirected,0.81453
53,48,Undirected,1.3869
53,50,Undirected,0.85237
53,52,Undirected,1.6944
54,1,Undirected,1.6026
54,2,Undirected,2.4276
54,7,Undirected,0.1475
54,8,Undirected,3.5539
54,9,Undirected,0.47147
54,11,Undirected,1.4764
54,15,Undirected,2.3684
54,18,Undirected,0.88344
54,20,Undirected,2.1347
54,21,Undirected,3.3409
54,26,Undirected,3.6439
54,27,Undirected,2.1692
54,28,Undirected,2.2275
54,31,Undirected,3.2295
54,33,Undirected,2.0748
54,34,Undirected,0.23371
54,35,Undirected,1.8744
54,38,Undirected,0.46951
54,40,Undirected,1.7013
54,42,Undirected,1.6659
54,43,Undirected,3.4981
54,45,Undirected,4.7004
54,46,Undirected,7.8953
54,47,Undirected,0.60315
54,48,Undirected,2.4354
54,50,Undirected,3.1378
54,51,Undirected,0.42809
54,52,Undirected,6.5555
54,53,Undirected,2.4412
55,0,Undirected,2.2317
55,1,Undirected,2.6734
55,2,Undirected,2.9217
55,7,Undirected,6.7169
55,8,Undirected,1.6968
55,11,Undirected,0.89389
55,13,Undirected,0.62697
55,14,Undirected,1.4689
55,18,Undirected,3.4876
55,19,Undirected,1.5909
55,25,Undirected,2.5658
55,26,Undirected,0.17259
55,29,Undirected,0.48165
55,35,Undirected,0.51132
55,39,Undirected,1.1015
55,41,Undirected,0.19918
55,43,Undirected,7.527
55,45,Undirected,2.0056
55,46,Undirected,3.1803
55,49,Undirected,1.3043
55,50,Undirected,3.4588
55,52,Undirected,11.883
55,54,Undirected,1.3439
56,0,Undirected,1.1373
56,2,Undirected,4.6074
56,3,Undirected,4.4112
56,5,Undirected,5.3184
56,6,Undirected,3.5908
56,8,Undirected,6.247
56,9,Undirected,2.3481
56,10,Undirected,1.3113
56,12,Undirected,4.6566
56,15,Undirected,0.49048
56,16,Undirected,4.791
56,17,Undirected,2.5792
56,21,Undirected,1.5411
56,22,Undirected,0.56361
56,24,Undirected,1.3666
56,27,Undirected,5.2229
56,28,Undirected,0.961
56,29,Undirected,5.7604
56,30,Undirected,1.7478
56,32,Undirected,2.8547
56,34,Undirected,0.67312
56,39,Undirected,0.16747
56,40,Undirected,0.1914
56,42,Undirected,0.93749
56,44,Undirected,1.588
56,46,Undirected,2.5969
56,48,Undirected,1.9926
56,49,Undirected,0.46177
56,50,Undirected,0.46441
56,51,Undirected,1.5372
56,52,Undirected,0.60928
56,54,Undirected,4.8744
57,0,Undirected,1.5464
57,3,Undirected,3.4477
57,7,Undirected,2.8646
57,9,Undirected,0.80201
57,13,Undirected,1.2997
57,17,Undirected,0.1188
57,20,Undirected,0.62653
57,22,Undirected,0.17871
57,27,Undirected,5.4879
57,30,Undirected,0.91774
57,31,Undirected,3.1152
57,32,Undirected,0.70593
57,38,Undirected,3.8832
57,39,Undirected,0.21572
57,40,Undirected,1.1762
57,41,Undirected,1.7588
57,43,Undirected,0.9259
57,44,Undirected,1.1398
57,45,Undirected,0.37741
57,49,Undirected,0.76349
57,50,Undirected,2.1867
57,52,Undirected,5.4051
58,0,Undirected,0.19432
58,2,Undirected,5.0737
58,6,Undirected,10.624
58,10,Undirected,1.3082
58,11,Undirected,0.40523
58,14,Undirected,2.6801
58,15,Undirected,3.485
58,18,Undirected,3.5189
58,20,Undirected,0.33503
58,22,Undirected,1.5466
58,29,Undirected,1.4427
58,31,Undirected,5.8148
58,35,Undirected,0.094789
58,36,Undirected,1.4328
58,37,Undirected,2.6066
58,39,Undirected,0.52403
58,41,Undirected,0.063489
58,42,Undirected,0.069813
58,44,Undirected,0.4273
58,45,Undirected,6.1981
58,46,Undirected,4.9338
58,47,Undirected,1.265
58,48,Undirected,3.9414
58,51,Undirected,1.612
58,52,Undirected,0.85168
58,55,Undirected,3.6568
58,56,Undirected,0.88796
58,57,Undirected,2.9743
59,0,Undirected,0.0065484
59,2,Undirected,0.34121
59,3,Undirected,0.078602
59,4,Undirected,0.18107
59,11,Undirected,0.16241
59,13,Undirected,2.091
59,15,Undirected,0.89364
59,22,Undirected,0.89716
59,23,Undirected,2.5022
59,25,Undirected,1.1265
59,26,Undirected,1.9153
59,29,Undirected,0.45828
59,30,Undirected,1.5822
59,31,Undirected,0.90053
59,36,Undirected,0.33728
59,40,Undirected,0.21337
59,45,Undirected,1.1772
59,50,Undirected,0.075737
59,51,Undirected,2.7226
59,54,Undirected,1.8324
59,55,Undirected,0.013187
59,56,Undirected,0.028545
59,58,Undirected,0.14042
60,0,Undirected,2.1201
60,1,Undirected,1.47
60,9,Undirected,0.21273
60,10,Undirected,0.68692
60,12,Undirected,3.1377
60,16,Undirected,1.7128
60,19,Undirected,0.42437
60,20,Undirected,0.18588
60,27,Undirected,2.1931
60,28,Undirected,2.1226
60,30,Undirected,1.2513
60,32,Undirected,0.64206
60,37,Undirected,0.64387
60,38,Undirected,1.5111
60,39,Undirected,3.8508
60,40,Undirected,0.19222
60,43,Undirected,0.72589
60,45,Undirected,0.29317
60,46,Undirected,1.2294
60,47,Undirected,3.098
60,48,Undirected,1.5462
60,49,Undirected,4.3321
60,50,Undirected,1.021
60,51,Undirected,2.0719
60,53,Undirected,1.7244
60,55,Undirected,1.1822
60,58,Undirected,0.71302
60,59,Undirected,3.451
61,1,Undirected,0.38956
61,7,Undirected,1.0575
61,8,Undirected,1.5102
61,11,Undirected,3.7377
61,14,Undirected,2.0956
61,15,Undirected,0.025671
61,16,Undirected,2.1285
61,17,Undirected,0.68123
61,19,Undirected,0.47887
61,20,Undirected,0.36822
61,21,Undirected,0.78147
61,24,Undirected,0.092212
61,27,Undirected,0.86933
61,28,Undirected,0.21591
61,29,Undirected,0.001886
61,30,Undirected,1.3585
61,32,Undirected,0.48416
61,33,Undirected,0.0053257
61,34,Undirected,0.6711
61,35,Undirected,0.19195
61,38,Undirected,3.5775
61,44,Undirected,0.617
61,45,Undirected,0.37202
61,46,Undirected,0.92538
61,47,Undirected,1.3759
61,48,Undirected,3.8571
61,49,Undirected,1.5124
61,50,Undirected,0.36844
61,53,Undirected,3.8257
61,54,Undirected,2.422
61,55,Undirected,2.4069
61,56,Undirected,1.6305
62,1,Undirected,0.42262
62,2,Undirected,0.43136
62,3,Undirected,2.0913
62,5,Undirected,0.80067
62,6,Undirected,0.39564
62,8,Undirected,3.6262
62,9,Undirected,1.827
62,12,Undirected,2.4796
62,13,Undirected,3.0007
62,19,Undirected,0.25737
62,20,Undirected,1.4802
62,21,Undirected,2.4105
62,22,Undirected,1.4524
62,25,Undirected,0.36032
62,26,Undirected,0.20581
62,27,Undirected,6.8585
62,30,Undirected,1.4964
62,32,Undirected,1.3992
62,36,Undirected,0.14607
62,41,Undirected,0.0368
62,44,Undirected,2.5035
62,45,Undirected,0.84237
62,47,Undirected,0.55897
62,48,Undirected,1.3624
62,49,Undirected,0.87514
62,50,Undirected,1.3435
62,53,Undirected,2.3082
62,54,Undirected,1.7712
62,55,Undirected,1.9191
62,56,Undirected,2.0308
62,58,Undirected,10.395
63,0,Undirected,1.5299
63,2,Undirected,0.6466
63,3,Undirected,0.25698
63,4,Undirected,0.13978
63,5,Undirected,1.126
63,6,Undirected,0.90381
63,18,Undirected,4.1645
63,19,Undirected,2.1687
63,20,Undirected,1.5936
63,21,Undirected,3.7985
63,24,Undirected,1.559
63,26,Undirected,0.88643
63,29,Undirected,0.92697
63,33,Undirected,0.016238
63,34,Undirected,0.53269
63,35,Undirected,0.83531
63,41,Undirected,0.87842
63,42,Undirected,0.70449
63,43,Undirected,0.13382
63,46,Undirected,0.29891
63,47,Undirected,1.6083
63,48,Undirected,0.66041
63,52,Undirected,0.18189
63,53,Undirected,0.80404
63,57,Undirected,0.12727
63,60,Undirected,2.1861
63,61,Undirected,1.2885
64,3,Undirected,2.1008
64,5,Undirected,3.5879
64,8,Undirected,0.78737
64,9,Undirected,1.6055
64,13,Undirected,3.8707
64,15,Undirected,0.35307
64,16,Undirected,3.206
64,17,Undirected,2.9377
64,19,Undirected,2.9151
64,22,Undirected,0.76342
64,23,Undirected,0.50785
64,25,Undirected,2.2017
64,27,Undirected,3.1477
64,28,Undirected,0.32153
64,30,Undirected,1.1137
64,31,Undirected,1.5656
64,32,Undirected,2.6941
64,34,Undirected,4.5121
64,35,Undirected,2.434
64,36,Undirected,0.56134
64,37,Undirected,2.4821
64,39,Undirected,2.0375
64,45,Undirected,2.8334
64,47,Undirected,3.4018
64,48,Undirected,1.138
64,50,Undirected,2.9528
64,51,Undirected,0.45686
64,52,Undirected,0.41985
64,53,Undirected,4.1659
64,55,Undirected,0.84336
64,56,Undirected,1.0696
64,61,Undirected,0.91052
64,62,Undirected,2.8298
64,63,Undirected,0.31616
65,0,Undirected,3.1341
65,1,Undirected,3.2988
65,4,Undirected,1.2126
65,8,Undirected,3.7735
65,11,Undirected,3.1514
65,12,Undirected,5.8303
65,13,Undirected,4.1499
65,14,Undirected,0.40799
65,16,Undirected,0.41953
65,18,Undirected,4.4817
65,19,Undirected,0.82277
65,20,Undirected,0.47429
65,21,Undirected,3.1399
65,23,Undirected,6.4371
65,25,Undirected,5.2567
65,27,Undirected,1.812
65,28,Undirected,0.25244
65,30,Undirected,3.6483
65,31,Undirected,1.251
65,32,Undirected,0.83038
65,33,Undirected,4.7536
65,35,Undirected,3.8781
65,38,Undirected,5.1528
65,39,Undirected,2.6625
65,41,Undirected,2.6457
65,42,Undirected,1.6833
65,44,Undirected,1.8114
65,46,Undirected,0.12248
65,50,Undirected,1.5719
65,53,Undirected,1.0481
65,55,Undirected,0.91504
65,57,Undirected,0.40756
65,58,Undirected,0.93415
65,61,Undirected,4.2805
66,7,Undirected,0.46539
66,10,Undirected,0.037477
66,13,Undirected,1.3198
66,17,Undirected,1.6545
66,18,Undirected,0.70821
66,19,Undirected,0.85191
66,22,Undirected,1.9357
66,23,Undirected,3.7733
66,24,Undirected,1.3913
66,27,Undirected,0.72602
66,28,Undirected,0.10336
66,29,Undirected,0.076849
66,30,Undirected,3.4621
66,31,Undirected,0.91614
66,32,Undirected,0.72617
66,33,Undirected,1.9892
66,35,Undirected,2.7127
66,36,Undirected,1.257
66,42,Undirected,0.18089
66,45,Undirected,3.7305
66,46,Undirected,0.64081
66,47,Undirected,0.39686
66,48,Undirected,1.2242
66,51,Undirected,0.85427
66,52,Undirected,1.2539
66,54,Undirected,0.65393
66,60,Undirected,0.097034
66,61,Undirected,2.8298
66,62,Undirected,3.2857
66,64,Undirected,0.88733
67,0,Undirected,1.6811
67,1,Undirected,0.26165
67,2,Undirected,1.7656
67,5,Undirected,0.87682
67,6,Undirected,0.80135
67,9,Undirected,0.27362
67,11,Undirected,0.29223
67,12,Undirected,0.31358
67,14,Undirected,0.14819
67,17,Undirected,0.62198
67,19,Undirected,2.6296
67,21,Undirected,1.4097
67,22,Undirected,0.51768
67,23,Undirected,0.29349
67,24,Undirected,0.053401
67,28,Undirected,1.8384
67,30,Undirected,0.11176
67,31,Undirected,0.62338
67,37,Undirected,0.088839
67,38,Undirected,1.9541
67,39,Undirected,0.17456
67,45,Undirected,1.7613
67,47,Undirected,1.735
67,48,Undirected,0.27616
67,49,Undirected,1.1364
67,52,Undirected,0.71313
67,53,Undirected,0.36488
67,54,Undirected,0.74703
67,55,Undirected,0.011458
67,60,Undirected,0.99744
67,61,Undirected,0.83949
67,63,Undirected,0.39529
67,64,Undirected,0.14654
67,65,Undirected,0.76784
68,1,Undirected,0.76886
68,4,Undirected,0.20937
68,10,Undirected,1.7651
68,11,Undirected,2.2125
68,13,Undirected,1.1136
68,14,Undirected,1.5077
68,15,Undirected,1.0846
68,18,Undirected,0.66608
68,22,Undirected,0.13189
68,25,Undirected,0.66574
68,26,Undirected,2.5971
68,29,Undirected,1.1316
68,30,Undirected,2.9662
68,31,Undirected,0.017518
68,33,Undirected,0.016112
68,37,Undirected,2.9801
68,38,Undirected,0.95115
68,40,Undirected,2.2593
68,45,Undirected,1.401
68,46,Undirected,2.0246
68,47,Undirected,1.6947
68,48,Undirected,1.4064
68,50,Undirected,0.03679
68,51,Undirected,1.5995
68,52,Undirected,0.93025
68,53,Undirected,2.7406
68,54,Undirected,0.087814
68,57,Undirected,4.2469
68,62,Undirected,5.5708
68,65,Undirected,0.64585
68,67,Undirected,0.62804
69,0,Undirected,1.35
69,1,Undirected,0.103
69,2,Undirected,0.82052
69,3,Undirected,0.082544
69,4,Undirected,1.0754
69,5,Undirected,1.1841
69,6,Undirected,0.32048
69,7,Undirected,0.33373
69,10,Undirected,1.5024
69,13,Undirected,0.58517
69,14,Undirected,1.8397
69,16,Undirected,0.69283
69,22,Undirected,1.2248
69,23,Undirected,4.839
69,27,Undirected,0.50366
69,28,Undirected,1.2163
69,29,Undirected,0.50922
69,30,Undirected,0.02192
69,33,Undirected,1.0356
69,34,Undirected,0.082814
69,35,Undirected,1.7273
69,37,Undirected,1.3395
69,40,Undirected,5.0438
69,46,Undirected,0.34101
69,48,Undirected,2.0135
69,52,Undirected,0.88387
69,56,Undirected,0.56874
69,57,Undirected,2.3979
69,58,Undirected,0.45916
69,59,Undirected,0.65671
69,60,Undirected,0.32887
69,61,Undirected,2.94
69,62,Undirected,2.4454
69,64,Undirected,1.2621
69,65,Undirected,2.1886
69,66,Undirected,1.2417
69,68,Undirected,1.3673
70,0,Undirected,2.0064
70,2,Undirected,0.17359
70,3,Undirected,0.62861
70,5,Undirected,0.73128
70,6,Undirected,0.12061
70,9,Undirected,3.3162
70,10,Undirected,0.46982
70,13,Undirected,0.70783
70,14,Undirected,3.4682
70,15,Undirected,2.1691
70,17,Undirected,0.20035
70,19,Undirected,1.8121
70,26,Undirected,0.063653
70,27,Undirected,0.82911
70,29,Undirected,1.8978
70,30,Undirected,1.6257
70,31,Undirected,0.68527
70,32,Undirected,1.344
70,33,Undirected,0.47184
70,34,Undirected,0.96886
70,38,Undirected,9.5996
70,43,Undirected,1.3123
70,44,Undirected,1.8472
70,45,Undirected,4.3719
70,47,Undirected,1.73
70,50,Undirected,1.3711
70,51,Undirected,0.48487
70,54,Undirected,3.2891
70,55,Undirected,3.4654
70,57,Undirected,3.8564
70,61,Undirected,1.8526
70,62,Undirected,3.9851
70,64,Undirected,0.79458
70,65,Undirected,1.2557
70,67,Undirected,0.55167
71,0,Undirected,0.43363
71,1,Undirected,0.80368
71,4,Undirected,1.5787
71,11,Undirected,0.31208
71,13,Undirected,0.16462
71,15,Undirected,0.43842
71,21,Undirected,2.5102
71,27,Undirected,1.7251
71,31,Undirected,0.71094
71,34,Undirected,0.16082
71,37,Undirected,1.3519
71,40,Undirected,1.7191
71,42,Undirected,0.44316
71,45,Undirected,0.036459
71,46,Undirected,0.26664
71,47,Undirected,2.6763
71,48,Undirected,1.1381
71,49,Undirected,1.0448
71,50,Undirected,1.3143
71,52,Undirected,1.7853
71,55,Undirected,0.22523
71,57,Undirected,0.6538
71,59,Undirected,2.372
71,60,Undirected,4.3531
71,62,Undirected,2.2746
71,66,Undirected,0.30038
71,67,Undirected,0.073029
72,0,Undirected,0.39679
72,1,Undirected,0.21073
72,3,Undirected,2.7557
72,4,Undirected,0.16247
72,14,Undirected,0.92044
72,15,Undirected,1.6369
72,16,Undirected,0.32498
72,17,Undirected,0.94634
72,19,Undirected,3.3792
72,21,Undirected,0.54896
72,22,Undirected,0.24878
72,23,Undirected,0.18266
72,24,Undirected,0.62768
72,26,Undirected,1.1657
72,28,Undirected,2.9591
72,31,Undirected,0.43781
72,32,Undirected,0.37247
72,33,Undirected,0.21155
72,34,Undirected,1.9843
72,35,Undirected,1.8019
72,39,Undirected,2.4313
72,41,Undirected,0.37335
72,43,Undirected,0.1773
72,46,Undirected,0.92198
72,47,Undirected,0.078463
72,49,Undirected,1.3279
72,52,Undirected,0.92095
72,53,Undirected,2.9866
72,55,Undirected,0.19461
72,56,Undirected,0.50986
72,57,Undirected,4.5441
72,58,Undirected,0.73308
72,59,Undirected,0.73649
72,61,Undirected,0.010393
72,65,Undirected,1.6244
72,66,Undirected,1.8898
72,69,Undirected,3.2115
72,70,Undirected,2.6378
72,71,Undirected,0.35782
73,1,Undirected,1.7981
73,6,Undirected,0.94158
73,8,Undirected,0.91252
73,9,Undirected,1.7523
73,11,Undirected,1.6039
73,12,Undirected,2.1036
73,15,Undirected,0.094947
73,19,Undirected,0.094876
73,20,Undirected,0.85649
73,25,Undirected,4.1017
73,31,Undirected,0.80665
73,32,Undirected,0.19299
73,33,Undirected,4.5788
73,34,Undirected,5.596
73,35,Undirected,1.6705
73,36,Undirected,0.94376
73,38,Undirected,0.10538
73,39,Undirected,1.6773
73,40,Undirected,1.6244
73,41,Undirected,6.5402
73,42,Undirected,0.33804
73,47,Undirected,6.3743
73,48,Undirected,4.4879
73,49,Undirected,0.20191
73,52,Undirected,3.321
73,54,Undirected,0.067154
73,56,Undirected,5.5408
73,61,Undirected,2.4796
73,62,Undirected,1.5205
73,64,Undirected,1.1371
73,66,Undirected,0.31605
73,68,Undirected,3.8706
73,69,Undirected,0.78109
73,72,Undirected,1.2599
74,0,Undirected,1.1555
74,3,Undirected,2.1997
74,8,Undirected,1.2238
74,15,Undirected,0.34822
74,16,Undirected,1.8816
74,18,Undirected,0.72846
74,20,Undirected,0.70794
74,22,Undirected,1.1754
74,24,Undirected,0.2097
74,25,Undirected,1.9364
74,28,Undirected,0.19546
74,30,Undirected,2.552
74,31,Undirected,2.7954
74,32,Undirected,1.1036
74,33,Undirected,0.83555
74,35,Undirected,2.2841
74,37,Undirected,0.89287
74,43,Undirected,3.034
74,44,Undirected,0.36324
74,45,Undirected,1.8977
74,49,Undirected,0.86008
74,50,Undirected,1.2134
74,52,Undirected,0.64142
74,55,Undirected,2.383
74,56,Undirected,0.22465
74,57,Undirected,3.7578
74,61,Undirected,3.3646
74,62,Undirected,2.0555
74,64,Undirected,5.5155
74,66,Undirected,3.5338
74,67,Undirected,0.32327
74,68,Undirected,3.7244
74,71,Undirected,0.28347
74,72,Undirected,2.1633
74,73,Undirected,5.0927
75,0,Undirected,0.75291
75,1,Undirected,0.056157
75,2,Undirected,1.1883
75,3,Undirected,1.4926
75,5,Undirected,0.0083417
75,6,Undirected,0.39055
75,7,Undirected,0.1224
75,8,Undirected,0.27392
75,17,Undirected,0.076359
75,22,Undirected,0.29034
75,26,Undirected,0.32671
75,31,Undirected,0.11036
75,34,Undirected,0.16944
75,37,Undirected,0.45572
75,42,Undirected,0.10476
75,44,Undirected,0.50799
75,45,Undirected,0.43417
75,47,Undirected,0.23708
75,53,Undirected,0.91193
75,54,Undirected,1.4983
75,55,Undirected,0.40274
75,65,Undirected,0.92682
75,66,Undirected,0.49442
75,67,Undirected,0.0070528
75,68,Undirected,0.19321
75,70,Undirected,0.037731
75,72,Undirected,0.42515
76,0,Undirected,0.46313
76,3,Undirected,0.63932
76,7,Undirected,1.9188
76,11,Undirected,0.083433
76,12,Undirected,0.156
76,19,Undirected,1.3383
76,20,Undirected,1.0729
76,22,Undirected,0.53799
76,23,Undirected,1.2549
76,27,Undirected,2.7879
76,28,Undirected,2.0965
76,33,Undirected,2.4631
76,34,Undirected,0.19353
76,37,Undirected,2.2487
76,39,Undirected,0.058104
76,40,Undirected,8.9204
76,45,Undirected,2.867
76,49,Undirected,0.98695
76,51,Undirected,0.77618
76,55,Undirected,1.1717
76,57,Undirected,2.8824
76,58,Undirected,1.8537
76,60,Undirected,0.75489
76,61,Undirected,0.65695
76,65,Undirected,1.2651
76,66,Undirected,0.66654
76,67,Undirected,0.94231
76,70,Undirected,2.2357
76,71,Undirected,2.6016
76,72,Undirected,3.2732
76,73,Undirected,0.35724
77,2,Undirected,2.5591
77,5,Undirected,2.8086
77,7,Undirected,0.28021
77,11,Undirected,1.9562
77,14,Undirected,0.76996
77,20,Undirected,0.26999
77,22,Undirected,1.3742
77,23,Undirected,5.773
77,24,Undirected,1.5569
77,28,Undirected,0.50449
77,29,Undirected,0.091562
77,31,Undirected,0.91966
77,32,Undirected,0.40724
77,33,Undirected,2.7328
77,37,Undirected,0.75088
77,38,Undirected,4.6951
77,39,Undirected,0.12069
77,41,Undirected,1.7207
77,42,Undirected,0.23388
77,49,Undirected,0.19928
77,50,Undirected,1.9637
77,53,Undirected,3.1874
77,54,Undirected,1.018
77,55,Undirected,1.9596
77,56,Undirected,0.99888
77,57,Undirected,1.9844
77,59,Undirected,2.2302
77,63,Undirected,1.3456
77,64,Undirected,3.4954
77,67,Undirected,0.54711
77,68,Undirected,0.19898
77,69,Undirected,1.5227
77,70,Undirected,0.50781
77,71,Undirected,0.062885
77,73,Undirected,1.0005
77,74,Undirected,0.99088
77,76,Undirected,1.118
78,0,Undirected,1.4014
78,1,Undirected,0.48153
78,4,Undirected,2.4134
78,5,Undirected,2.2646
78,6,Undirected,0.35059
78,7,Undirected,1.6271
78,8,Undirected,2.8235
78,10,Undirected,0.076933
78,11,Undirected,1.6924
78,12,Undirected,1.1412
78,14,Undirected,1.3708
78,16,Undirected,4.4709
78,18,Undirected,0.12366
78,27,Undirected,6.9363
78,29,Undirected,3.2826
78,30,Undirected,1.0791
78,32,Undirected,0.97827
78,36,Undirected,0.10909
78,40,Undirected,0.72334
78,41,Undirected,0.11266
78,42,Undirected,2.1763
78,44,Undirected,0.61509
78,47,Undirected,0.56171
78,48,Undirected,8.9032
78,50,Undirected,3.2992
78,56,Undirected,1.788
78,57,Undirected,0.61548
78,58,Undirected,2.0185
78,61,Undirected,2.3596
78,62,Undirected,1.5707
78,63,Undirected,0.49633
78,66,Undirected,1.3267
78,67,Undirected,0.092949
78,70,Undirected,1.3495
78,71,Undirected,1.0681
78,72,Undirected,3.5087
78,73,Undirected,3.7816
78,75,Undirected,1.3197
79,4,Undirected,1.6796
79,6,Undirected,0.014381
79,8,Undirected,0.14189
79,11,Undirected,0.68058
79,12,Undirected,0.89167
79,15,Undirected,0.073224
79,17,Undirected,1.105
79,19,Undirected,0.91653
79,21,Undirected,0.15734
79,22,Undirected,0.95439
79,24,Undirected,0.24376
79,27,Undirected,1.5238
79,29,Undirected,0.82732
79,31,Undirected,1.4195
79,35,Undirected,2.3688
79,36,Undirected,2.3546
79,44,Undirected,0.19732
79,49,Undirected,4.6724
79,53,Undirected,3.1332
79,54,Undirected,2.8657
79,55,Undirected,0.40229
79,65,Undirected,4.9116
79,68,Undirected,0.45479
79,70,Undirected,0.39187
79,71,Undirected,0.87436
79,73,Undirected,1.2081
79,74,Undirected,0.39389
79,76,Undirected,0.6978
79,78,Undirected,2.5029
80,2,Undirected,1.8532
80,3,Undirected,2.1152
80,7,Undirected,0.72491
80,9,Undirected,1.3335
80,12,Undirected,0.81168
80,15,Undirected,1.1412
80,16,Undirected,0.20697
80,17,Undirected,1.2679
80,19,Undirected,3.8001
80,22,Undirected,0.66388
80,24,Undirected,0.88331
80,28,Undirected,1.8083
80,29,Undirected,0.91145
80,30,Undirected,0.21915
80,32,Undirected,0.9443
80,33,Undirected,1.5916
80,34,Undirected,3.547
80,35,Undirected,3.7333
80,36,Undirected,0.090557
80,40,Undirected,0.09111
80,41,Undirected,5.6373
80,43,Undirected,0.34044
80,45,Undirected,2.5919
80,46,Undirected,0.49117
80,49,Undirected,0.014788
80,50,Undirected,0.6269
80,51,Undirected,1.535
80,52,Undirected,0.4697
80,55,Undirected,0.55724
80,56,Undirected,0.93347
80,57,Undirected,2.3507
80,65,Undirected,1.8657
80,66,Undirected,1.0203
80,69,Undirected,0.93428
80,70,Undirected,1.2405
80,71,Undirected,0.56101
80,72,Undirected,2.1862
80,73,Undirected,2.0414
80,74,Undirected,2.197
80,75,Undirected,2.3409
80,76,Undirected,0.17182
80,77,Undirected,3.962
80,78,Undirected,0.36252
81,1,Undirected,1.1343
81,7,Undirected,1.0699
81,11,Undirected,1.7518
81,13,Undirected,1.1936
81,14,Undirected,0.34768
81,17,Undirected,0.9182
81,18,Undirected,0.037891
81,21,Undirected,0.90325
81,23,Undirected,0.25062
81,24,Undirected,0.11216
81,26,Undirected,1.1304
81,27,Undirected,0.8559
81,30,Undirected,0.17177
81,31,Undirected,1.7381
81,36,Undirected,1.2852
81,38,Undirected,1.0931
81,43,Undirected,0.42645
81,44,Undirected,0.40204
81,46,Undirected,2.5748
81,48,Undirected,2.8397
81,51,Undirected,0.010956
81,62,Undirected,0.43972
81,64,Undirected,0.76754
81,65,Undirected,0.83979
81,67,Undirected,1.2007
81,68,Undirected,0.022152
81,70,Undirected,0.1593
81,72,Undirected,1.5082
81,73,Undirected,0.18417
81,74,Undirected,2.7491
81,75,Undirected,1.2226
81,76,Undirected,0.073816
81,77,Undirected,1.2165
81,78,Undirected,0.39928
81,80,Undirected,0.14619
82,0,Undirected,0.64459
82,1,Undirected,1.6516
82,4,Undirected,0.38926
82,5,Undirected,1.5
82,6,Undirected,1.2728
82,7,Undirected,1.5464
82,13,Undirected,0.53664
82,15,Undirected,0.97717
82,17,Undirected,0.30969
82,19,Undirected,1.3393
82,20,Undirected,0.96331
82,28,Undirected,3.733
82,34,Undirected,2.5849
82,35,Undirected,0.72549
82,37,Undirected,2.6216
82,39,Undirected,2.7753
82,40,Undirected,1.8906
82,45,Undirected,2.6292
82,46,Undirected,0.59817
82,47,Undirected,1.308
82,50,Undirected,1.3167
82,52,Undirected,3.5962
82,53,Undirected,0.085581
82,54,Undirected,0.80595
82,56,Undirected,1.7314
82,61,Undirected,0.46742
82,62,Undirected,0.17028
82,63,Undirected,2.5957
82,65,Undirected,0.85919
82,66,Undirected,0.065183
82,70,Undirected,1.9169
82,74,Undirected,0.85606
82,77,Undirected,0.5148
82,78,Undirected,0.023136
82,79,Undirected,2.6363
82,81,Undirected,4.7071
83,1,Undirected,0.091375
83,4,Undirected,0.51055
83,5,Undirected,1.2703
83,6,Undirected,0.97516
83,7,Undirected,0.44458
83,8,Undirected,2.8274
83,10,Undirected,2.4688
83,12,Undirected,2.14
83,16,Undirected,2.3568
83,17,Undirected,0.22773
83,18,Undirected,0.51828
83,19,Undirected,1.271
83,21,Undirected,0.55106
83,27,Undirected,1.577
83,29,Undirected,0.7484
83,34,Undirected,0.11018
83,36,Undirected,0.77306
83,37,Undirected,1.6219
83,38,Undirected,2.0021
83,39,Undirected,2.367
83,40,Undirected,0.26611
83,42,Undirected,2.3516
83,44,Undirected,0.13821
83,45,Undirected,1.3367
83,46,Undirected,1.4229
83,47,Undirected,2.4313
83,48,Undirected,1.2739
83,49,Undirected,0.76838
83,50,Undirected,0.52983
83,51,Undirected,4.0654
83,55,Undirected,0.12079
83,59,Undirected,14.906
83,62,Undirected,2.128
83,63,Undirected,1.8127
83,65,Undirected,5.0063
83,66,Undirected,0.98171
83,67,Undirected,0.014787
83,70,Undirected,1.3131
83,71,Undirected,3.5532
83,74,Undirected,0.3553
83,80,Undirected,2.5706
84,3,Undirected,0.76607
84,6,Undirected,0.27076
84,7,Undirected,1.1142
84,9,Undirected,1.876
84,10,Undirected,1.4032
84,13,Undirected,0.92663
84,17,Undirected,0.65915
84,18,Undirected,0.40462
84,22,Undirected,0.98482
84,23,Undirected,2.3859
84,24,Undirected,0.67239
84,25,Undirected,0.056908
84,26,Undirected,1.2604
84,31,Undirected,1.1212
84,33,Undirected,0.097295
84,34,Undirected,0.19183
84,36,Undirected,0.45627
84,38,Undirected,3.997
84,41,Undirected,0.66622
84,44,Undirected,0.78885
84,50,Undirected,0.050858
84,51,Undirected,0.10382
84,52,Undirected,0.98836
84,56,Undirected,2.1825
84,60,Undirected,1.2912
84,61,Undirected,0.30661
84,62,Undirected,0.73846
84,64,Undirected,1.6044
84,67,Undirected,0.34878
84,71,Undirected,0.71418
84,72,Undirected,3.6857
84,73,Undirected,0.87099
84,79,Undirected,3.4241
84,80,Undirected,0.82086
84,82,Undirected,5.421
84,83,Undirected,0.96289
85,0,Undirected,3.3278
85,1,Undirected,1.51
85,4,Undirected,1.6541
85,5,Undirected,0.34299
85,11,Undirected,1.3113
85,12,Undirected,0.73818
85,13,Undirected,2.2431
85,14,Undirected,0.19733
85,15,Undirected,1.782
85,16,Undirected,0.56145
85,17,Undirected,0.044453
85,18,Undirected,2.3258
85,20,Undirected,0.89142
85,23,Undirected,3.95
85,24,Undirected,1.1955
85,25,Undirected,2.3496
85,26,Undirected,2.2736
85,27,Undirected,1.8889
85,28,Undirected,0.31082
85,29,Undirected,1.6452
85,30,Undirected,3.0228
85,31,Undirected,0.48117
85,32,Undirected,0.17462
85,33,Undirected,0.90545
85,34,Undirected,0.21097
85,35,Undirected,0.73828
85,36,Undirected,1.4345
85,37,Undirected,3.2326
85,38,Undirected,2.2994
85,43,Undirected,0.035107
85,44,Undirected,1.665
85,45,Undirected,1.5323
85,47,Undirected,4.9706
85,51,Undirected,0.8934
85,52,Undirected,1.1077
85,53,Undirected,0.78789
85,54,Undirected,4.5531
85,55,Undirected,3.1184
85,57,Undirected,2.2112
85,58,Undirected,0.24386
85,60,Undirected,1.5506
85,61,Undirected,0.42328
85,63,Undirected,0.83694
85,64,Undirected,2.4347
85,66,Undirected,2.8349
85,67,Undirected,2.0462
85,68,Undirected,2.5091
85,70,Undirected,0.46935
85,71,Undirected,1.437
85,73,Undirected,3.091
85,74,Undirected,2.6731
85,75,Undirected,0.26131
85,77,Undirected,0.6752
85,79,Undirected,1.551
85,80,Undirected,2.1091
85,82,Undirected,2.6909
85,84,Undirected,0.59279
86,1,Undirected,0.99438
86,2,Undirected,0.14591
86,7,Undirected,0.23809
86,9,Undirected,2.659
86,10,Undirected,0.066049
86,11,Undirected,2.5168
86,16,Undirected,1.7223
86,17,Undirected,0.12734
86,25,Undirected,0.70441
86,26,Undirected,0.81645
86,28,Undirected,0.66634
86,33,Undirected,1.4151
86,34,Undirected,0.071527
86,36,Undirected,0.23923
86,37,Undirected,1.9262
86,38,Undirected,1.9786
86,40,Undirected,0.40965
86,41,Undirected,0.023487
86,44,Undirected,7.1965
86,48,Undirected,1.6619
86,49,Undirected,1.853
86,51,Undirected,0.20486
86,52,Undirected,1.3874
86,53,Undirected,0.19925
86,58,Undirected,0.22928
86,59,Undirected,0.087693
86,64,Undirected,1.1421
86,66,Undirected,0.27875
86,69,Undirected,0.6219
86,73,Undirected,0.555
86,75,Undirected,0.41951
86,76,Undirected,0.71354
86,79,Undirected,3.665
86,80,Undirected,2.1736
86,81,Undirected,0.79543
86,82,Undirected,2.5697
86,85,Undirected,0.74077
87,0,Undirected,0.5623
87,2,Undirected,0.07496
87,5,Undirected,0.33347
87,7,Undirected,3.0253
87,9,Undirected,0.8958
87,11,Undirected,0.23448
87,12,Undirected,1.7232
87,13,Undirected,0.075501
87,14,Undirected,0.25255
87,17,Undirected,1.0197
87,18,Undirected,1.2006
87,19,Undirected,0.70286
87,20,Undirected,2.8731
87,22,Undirected,1.0196
87,25,Undirected,4.1722
87,27,Undirected,1.3142
87,32,Undirected,0.4164
87,34,Undirected,1.1072
87,37,Undirected,1.1897
87,40,Undirected,3.3899
87,44,Undirected,1.3831
87,46,Undirected,2.4838
87,47,Undirected,1.7382
87,52,Undirected,0.24896
87,55,Undirected,1.2779
87,56,Undirected,1.0922
87,57,Undirected,0.12354
87,58,Undirected,2.0957
87,61,Undirected,2.1618
87,62,Undirected,0.015604
87,63,Undirected,1.618
87,65,Undirected,0.58759
87,66,Undirected,1.2402
87,68,Undirected,4.2498
87,69,Undirected,2.6655
87,70,Undirected,3.4347
87,72,Undirected,0.051575
87,73,Undirected,1.4703
87,74,Undirected,3.7481
87,76,Undirected,2.221
87,77,Undirected,1.7438
87,78,Undirected,2.287
87,83,Undirected,2.3153
87,84,Undirected,0.19217
87,85,Undirected,0.42609
88,0,Undirected,4.2444
88,1,Undirected,1.1132
88,3,Undirected,1.1542
88,4,Undirected,1.6049
88,5,Undirected,3.5204
88,6,Undirected,6.3302
88,8,Undirected,2.0809
88,9,Undirected,1.0365
88,10,Undirected,8.8815
88,12,Undirected,0.28924
88,13,Undirected,3.9408
88,15,Undirected,4.2739
88,16,Undirected,4.0187
88,21,Undirected,2.6746
88,24,Undirected,4.3727
88,28,Undirected,1.0903
88,29,Undirected,2.4793
88,30,Undirected,0.37531
88,31,Undirected,0.039429
88,34,Undirected,1.2345
88,41,Undirected,2.1795
88,42,Undirected,2.4218
88,46,Undirected,1.8117
88,48,Undirected,0.13273
88,49,Undirected,0.017148
88,50,Undirected,6.5385
88,52,Undirected,1.4006
88,53,Undirected,4.8928
88,56,Undirected,1.9262
88,57,Undirected,0.90173
88,58,Undirected,4.8076
88,59,Undirected,1.8138
88,61,Undirected,1.0309
88,62,Undirected,2.2586
88,63,Undirected,0.4391
88,66,Undirected,1.3218
88,67,Undirected,0.058607
88,68,Undirected,2.4426
88,69,Undirected,1.7216
88,71,Undirected,0.2037
88,72,Undirected,2.8814
88,73,Undirected,0.09754
88,75,Undirected,0.89427
88,76,Undirected,2.8427
88,77,Undirected,1.4438
88,79,Undirected,1.5815
88,80,Undirected,0.35922
88,81,Undirected,4.4631
88,84,Undirected,0.2923
88,87,Undirected,1.4845
89,0,Undirected,1.4367
89,1,Undirected,0.16503
89,4,Undirected,0.28529
89,6,Undirected,1.2822
89,9,Undirected,0.029952
89,11,Undirected,0.35471
89,14,Undirected,3.4039
89,21,Undirected,0.43349
89,23,Undirected,0.63219
89,24,Undirected,0.43688
89,25,Undirected,0.55006
89,26,Undirected,3.8373
89,28,Undirected,2.5375
89,35,Undirected,1.5314
89,37,Undirected,0.47033
89,40,Undirected,0.84883
89,42,Undirected,0.44731
89,43,Undirected,2.3442
89,44,Undirected,1.2234
89,45,Undirected,4.0364
89,46,Undirected,1.581
89,47,Undirected,1.4999
89,48,Undirected,2.4813
89,49,Undirected,1.4847
89,50,Undirected,0.55709
89,53,Undirected,1.4323
89,56,Undirected,0.1851
89,64,Undirected,0.86026
89,65,Undirected,1.1542
89,66,Undirected,1.3017
89,67,Undirected,3.6082
89,68,Undirected,0.27475
89,69,Undirected,2.4191
89,70,Undirected,1.2084
89,73,Undirected,3.0011
89,75,Undirected,0.20394
89,76,Undirected,0.65163
89,77,Undirected,4.6029
89,78,Undirected,0.19178
89,83,Undirected,2.0615
89,85,Undirected,0.10759
89,87,Undirected,2.5479
90,0,Undirected,0.29246
90,2,Undirected,1.5694
90,5,Undirected,0.42054
90,7,Undirected,2.5608
90,8,Undirected,0.052528
90,9,Undirected,1.9699
90,14,Undirected,0.067641
90,16,Undirected,1.0321
90,17,Undirected,1.4972
90,20,Undirected,0.25441
90,22,Undirected,1.238
90,24,Undirected,2.5342
90,27,Undirected,0.025128
90,31,Undirected,0.34159
90,33,Undirected,0.42125
90,35,Undirected,1.1543
90,38,Undirected,4.6379
90,41,Undirected,1.6217
90,43,Undirected,0.66171
90,52,Undirected,0.37841
90,54,Undirected,1.1796
90,56,Undirected,1.6211
90,57,Undirected,0.70007
90,59,Undirected,1.2245
90,60,Undirected,6.9735
90,61,Undirected,0.092465
90,64,Undirected,0.32568
90,68,Undirected,0.9059
90,69,Undirected,1.0256
90,70,Undirected,0.78297
90,71,Undirected,5.797
90,72,Undirected,0.82971
90,74,Undirected,1.9048
90,75,Undirected,0.99199
90,78,Undirected,1.3199
90,80,Undirected,0.72736
90,81,Undirected,0.94274
90,82,Undirected,4.3471
90,83,Undirected,5.1827
90,85,Undirected,0.18637
90,86,Undirected,1.7316
90,87,Undirected,1.1068
90,88,Undirected,0.94852
91,4,Undirected,0.54249
91,5,Undirected,0.17405
91,7,Undirected,1.1919
91,8,Undirected,1.6471
91,11,Undirected,0.25735
91,12,Undirected,0.016566
91,13,Undirected,0.80062
91,15,Undirected,0.098617
91,16,Undirected,1.2482
91,17,Undirected,0.9349
91,20,Undirected,0.84805
91,22,Undirected,0.87542
91,23,Undirected,0.078368
91,27,Undirected,0.36899
91,28,Undirected,0.36686
91,30,Undirected,1.1117
91,34,Undirected,0.44945
91,35,Undirected,0.59735
91,37,Undirected,1.0213
91,41,Undirected,1.6395
91,42,Undirected,0.041328
91,44,Undirected,0.88879
91,45,Undirected,0.066656
91,47,Undirected,2.3596
91,48,Undirected,1.4075
91,55,Undirected,0.83188
91,56,Undirected,0.42717
91,58,Undirected,1.7534
91,60,Undirected,0.21715
91,66,Undirected,0.53183
91,67,Undirected,0.9301
91,69,Undirected,1.0592
91,70,Undirected,0.60331
91,74,Undirected,1.4078
91,76,Undirected,2.427
91,77,Undirected,0.0041069
91,79,Undirected,0.58415
91,83,Undirected,1.3602
91,84,Undirected,5.8353
91,86,Undirected,2.7612
92,1,Undirected,0.0045449
92,5,Undirected,0.24117
92,7,Undirected,1.6861
92,11,Undirected,0.77874
92,13,Undirected,1.9554
92,14,Undirected,0.81573
92,17,Undirected,1.6847
92,22,Undirected,1.8535
92,24,Undirected,0.21905
92,25,Undirected,0.64555
92,30,Undirected,0.94596
92,31,Undirected,2.5805
92,32,Undirected,1.0164
92,33,Undirected,0.61687
92,34,Undirected,0.091834
92,35,Undirected,0.46606
92,36,Undirected,0.020499
92,37,Undirected,2.3838
92,38,Undirected,2.3472
92,40,Undirected,1.0093
92,41,Undirected,0.11694
92,44,Undirected,5.3831
92,45,Undirected,0.76349
92,47,Undirected,0.87514
92,48,Undirected,0.65557
92,51,Undirected,1.0843
92,52,Undirected,0.26153
92,53,Undirected,0.73654
92,55,Undirected,0.78438
92,56,Undirected,3.4828
92,57,Undirected,1.4285
92,58,Undirected,1.9621
92,60,Undirected,1.0069
92,61,Undirected,0.5348
92,62,Undirected,0.42107
92,64,Undirected,0.78434
92,66,Undirected,0.27991
92,67,Undirected,0.31785
92,69,Undirected,1.8538
92,72,Undirected,1.2917
92,73,Undirected,2.6689
92,74,Undirected,0.36158
92,75,Undirected,0.33404
92,76,Undirected,4.3005
92,79,Undirected,0.39261
92,80,Undirected,0.24865
92,82,Undirected,3.1336
92,83,Undirected,2.8491
92,85,Undirected,0.41673
92,87,Undirected,3.02
92,89,Undirected,1.3702
92,90,Undirected,1.1207
93,0,Undirected,0.14446
93,2,Undirected,0.72463
93,5,Undirected,1.6672
93,9,Undirected,0.90987
93,10,Undirected,1.084
93,11,Undirected,2.9358
93,13,Undirected,0.88504
93,18,Undirected,0.14325
93,19,Undirected,0.287
93,24,Undirected,0.26672
93,25,Undirected,0.035094
93,28,Undirected,1.1754
93,29,Undirected,1.2894
93,33,Undirected,1.1019
93,34,Undirected,0.42417
93,37,Undirected,0.47187
93,38,Undirected,0.9879
93,39,Undirected,0.10221
93,40,Undirected,1.0652
93,44,Undirected,3.4882
93,48,Undirected,0.89439
93,51,Undirected,1.0219
93,52,Undirected,0.98279
93,54,Undirected,1.7188
93,56,Undirected,0.50235
93,57,Undirected,0.6224
93,58,Undirected,0.26445
93,61,Undirected,0.42704
93,63,Undirected,0.43725
93,64,Undirected,1.0557
93,65,Undirected,2.0535
93,71,Undirected,0.032991
93,75,Undirected,0.39232
93,78,Undirected,0.13264
93,79,Undirected,4.2379
93,80,Undirected,2.9238
93,81,Undirected,1.1974
93,84,Undirected,0.0811
93,85,Undirected,2.9269
93,86,Undirected,2.6312
93,88,Undirected,0.0012651
93,89,Undirected,1.9977
93,90,Undirected,0.67395
93,91,Undirected,2.2425
94,0,Undirected,2.3989
94,1,Undirected,0.49453
94,2,Undirected,1.067
94,8,Undirected,0.83276
94,15,Undirected,0.012145
94,16,Undirected,0.41297
94,18,Undirected,0.61879
94,26,Undirected,0.79036
94,27,Undirected,3.1658
94,31,Undirected,2.2277
94,37,Undirected,0.618
94,38,Undirected,2.4458
94,39,Undirected,0.37499
94,40,Undirected,1.1605
94,42,Undirected,0.95983
94,43,Undirected,0.70817
94,44,Undirected,4.9483
94,46,Undirected,0.60542
94,48,Undirected,0.57722
94,49,Undirected,0.80647
94,50,Undirected,1.5761
94,51,Undirected,0.53381
94,54,Undirected,1.6781
94,59,Undirected,2.4223
94,61,Undirected,0.71281
94,64,Undirected,5.7016
94,67,Undirected,0.032328
94,68,Undirected,0.021813
94,70,Undirected,0.44799
94,71,Undirected,0.20852
94,73,Undirected,1.9886
94,75,Undirected,0.10112
94,76,Undirected,4.5435
94,77,Undirected,1.8541
94,78,Undirected,0.1333
94,80,Undirected,8.0501
94,81,Undirected,0.76079
94,82,Undirected,1.8276
94,85,Undirected,0.28765
94,87,Undirected,0.8559
94,88,Undirected,0.89231
94,89,Undirected,5.614
94,91,Undirected,2.6184
94,92,Undirected,3.2503
95,0,Undirected,1.3346
95,4,Undirected,0.31365
95,6,Undirected,1.0478
95,7,Undirected,0.24866
95,8,Undirected,0.55368
95,11,Undirected,1.1207
95,15,Undirected,0.56492
95,19,Undirected,0.34376
95,23,Undirected,0.75114
95,25,Undirected,0.17365
95,26,Undirected,0.49213
95,27,Undirected,0.21518
95,28,Undirected,1.7717
95,29,Undirected,0.049067
95,30,Undirected,0.84942
95,32,Undirected,0.12365
95,34,Undirected,1.034
95,37,Undirected,0.49561
95,38,Undirected,0.62854
95,42,Undirected,0.73446
95,46,Undirected,0.074441
95,50,Undirected,0.37081
95,53,Undirected,0.82844
95,54,Undirected,0.0040592
95,56,Undirected,0.18582
95,57,Undirected,1.7653
95,62,Undirected,1.4107
95,64,Undirected,0.089118
95,65,Undirected,0.55344
95,69,Undirected,0.20775
95,72,Undirected,0.97144
95,75,Undirected,0.48842
95,76,Undirected,0.39954
95,77,Undirected,0.30841
95,79,Undirected,0.74026
95,82,Undirected,1.3697
95,84,Undirected,0.73276
95,85,Undirected,0.19745
95,88,Undirected,0.40059
95,89,Undirected,1.3946
95,90,Undirected,0.96506
95,93,Undirected,1.3699
96,1,Undirected,0.49254
96,4,Undirected,0.20652
96,6,Undirected,0.46919
96,7,Undirected,0.1599
96,8,Undirected,0.7641
96,10,Undirected,0.5237
96,11,Undirected,1.262
96,12,Undirected,0.80729
96,13,Undirected,3.213
96,17,Undirected,0.27973
96,20,Undirected,0.078121
96,23,Undirected,0.94261
96,25,Undirected,1.4387
96,26,Undirected,4.3287
96,27,Undirected,0.24096
96,28,Undirected,2.2719
96,33,Undirected,1.3121
96,34,Undirected,0.30979
96,39,Undirected,0.84083
96,40,Undirected,0.013563
96,41,Undirected,1.1796
96,44,Undirected,2.0892
96,47,Undirected,3.7035
96,48,Undirected,0.12731
96,50,Undirected,4.6368
96,52,Undirected,0.16657
96,56,Undirected,3.7865
96,60,Undirected,1.0182
96,67,Undirected,0.04233
96,68,Undirected,1.1392
96,69,Undirected,1.2793
96,70,Undirected,0.41967
96,72,Undirected,4.6137
96,73,Undirected,0.16659
96,75,Undirected,3.3397
96,76,Undirected,3.2049
96,77,Undirected,3.6101
96,79,Undirected,6.3543
96,82,Undirected,0.35574
96,83,Undirected,1.2324
96,85,Undirected,1.0897
96,86,Undirected,0.69091
96,89,Undirected,4.4776
96,90,Undirected,0.60471
96,94,Undirected,9.2545
96,95,Undirected,0.83581
97,0,Undirected,0.23713
97,8,Undirected,4.0077
97,11,Undirected,1.2605
97,12,Undirected,1.6443
97,16,Undirected,4.7674
97,18,Undirected,1.7678
97,19,Undirected,0.84584
97,20,Undirected,0.97217
97,21,Undirected,2.0959
97,22,Undirected,0.1093
97,24,Undirected,1.9704
97,27,Undirected,2.2776
97,30,Undirected,2.7017
97,31,Undirected,2.8363
97,35,Undirected,5.2375
97,36,Undirected,0.14671
97,40,Undirected,1.6704
97,41,Undirected,1.1332
97,42,Undirected,1.5725
97,43,Undirected,3.3516
97,44,Undirected,1.8399
97,45,Undirected,1.7101
97,47,Undirected,2.5445
97,48,Undirected,0.67978
97,49,Undirected,0.92841
97,51,Undirected,0.46437
97,55,Undirected,1.9792
97,58,Undirected,4.8081
97,60,Undirected,0.7289
97,61,Undirected,0.072976
97,62,Undirected,1.2159
97,65,Undirected,2.4924
97,66,Undirected,1.431
97,67,Undirected,0.52911
97,69,Undirected,3.7218
97,71,Undirected,1.1249
97,73,Undirected,1.0966
97,76,Undirected,0.94401
97,77,Undirected,0.16502
97,78,Undirected,2.9889
97,80,Undirected,6.0371
97,82,Undirected,4.376
97,84,Undirected,4.749
97,85,Undirected,0.60604
97,86,Undirected,2.965
97,89,Undirected,5.3213
97,92,Undirected,4.1278
97,95,Undirected,0.98822
97,96,Undirected,2.4415
98,2,Undirected,0.041531
98,6,Undirected,0.4125
98,7,Undirected,0.36599
98,13,Undirected,1.2691
98,16,Undirected,1.2301
98,17,Undirected,0.78791
98,22,Undirected,0.68023
98,25,Undirected,0.80126
98,28,Undirected,1.5822
98,32,Undirected,0.74794
98,34,Undirected,0.36225
98,37,Undirected,0.26456
98,39,Undirected,0.13113
98,41,Undirected,0.96145
98,43,Undirected,0.5996
98,45,Undirected,1.1729
98,50,Undirected,0.77694
98,52,Undirected,5.1066
98,54,Undirected,2.1967
98,56,Undirected,1.7942
98,66,Undirected,1.0563
98,67,Undirected,1.0004
98,68,Undirected,0.36848
98,70,Undirected,1.5574
98,71,Undirected,0.48643
98,72,Undirected,1.5464
98,74,Undirected,0.086845
98,77,Undirected,0.38679
98,78,Undirected,0.028664
98,79,Undirected,5.6211
98,81,Undirected,6.748
98,85,Undirected,3.768
98,86,Undirected,0.18985
98,87,Undirected,0.85363
98,89,Undirected,0.86429
98,92,Undirected,0.4975
98,94,Undirected,2.0878
98,95,Undirected,4.4399
98,97,Undirected,6.2703
99,0,Undirected,2.2797
99,1,Undirected,0.33228
99,2,Undirected,1.1957
99,3,Undirected,1.9686
99,10,Undirected,1.3909
99,13,Undirected,0.1201
99,14,Undirected,0.3146
99,15,Undirected,0.042276
99,18,Undirected,0.63389
99,26,Undirected,1.4686
99,27,Undirected,1.4834
99,28,Undirected,0.52442
99,31,Undirected,1.2956
99,37,Undirected,0.75999
99,38,Undirected,2.0307
99,40,Undirected,0.0025479
99,48,Undirected,1.5408
99,50,Undirected,0.82782
99,51,Undirected,1.1356
99,54,Undirected,1.0095
99,56,Undirected,0.75059
99,61,Undirected,1.1273
99,62,Undirected,1.485
99,64,Undirected,1.2235
99,67,Undirected,3.6
99,71,Undirected,1.2645
99,72,Undirected,3.7428
99,73,Undirected,1.8069
99,74,Undirected,0.82118
99,77,Undirected,0.60477
99,79,Undirected,2.3628
99,80,Undirected,2.2892
99,82,Undirected,6.7379
99,87,Undirected,0.6687
99,88,Undirected,1.6796
99,89,Undirected,2.811
99,91,Undirected,1.7826
99,96,Undirected,0.18672
99,98,Undirected,1.3281
